Workbook

Sheet Usage_Log
A1: Date | B1: Project | C1: Use Case | D1: Provider | E1: Model | F1: Environment | G1: Requests | H1: Input Tokens | I1: Output Tokens | J1: Total Tokens | K1: Input $/1M | L1: Output $/1M | M1: Input Cost | N1: Output Cost | O1: Total Cost | P1: Owner | Q1: Remarks
A2: 21-Aug-2026 | B2: COV01 | C2: Evaluation | D2: Google | E2: Gemini 2.5 Flash | F2: UAT | G2: 1000 | H2: 2500000 | I2: 500000 | J2: =IF(OR(H2<>"",I2<>""),N(H2)+N(I2),"") | K2: =IFERROR(XLOOKUP(D2&"|"&E2,Model_Pricing!$H$2:$H$100,Model_Pricing!$D$2:$D$100,""),"") | L2: =IFERROR(XLOOKUP(D2&"|"&E2,Model_Pricing!$H$2:$H$100,Model_Pricing!$E$2:$E$100,""),"") | M2: =IF(J2="","",H2/1000000*K2) | N2: =IF(J2="","",I2/1000000*L2) | O2: =IF(J2="","",M2+N2) | P2: DS Team | Q2: EXAMPLE - replace/delete
A3: 21-Aug-2026 | B3: COV01 | C3: Evaluation | D3: OpenAI | E3: GPT-5.x | F3: UAT | G3: 1000 | H3: 2000000 | I3: 400000 | J3: =IF(OR(H3<>"",I3<>""),N(H3)+N(I3),"") | K3: =IFERROR(XLOOKUP(D3&"|"&E3,Model_Pricing!$H$2:$H$100,Model_Pricing!$D$2:$D$100,""),"") | L3: =IFERROR(XLOOKUP(D3&"|"&E3,Model_Pricing!$H$2:$H$100,Model_Pricing!$E$2:$E$100,""),"") | M3: =IF(J3="","",H3/1000000*K3) | N3: =IF(J3="","",I3/1000000*L3) | O3: =IF(J3="","",M3+N3) | P3: DS Team | Q3: EXAMPLE - replace/delete
J4: =IF(OR(H4<>"",I4<>""),N(H4)+N(I4),"") | K4: =IFERROR(INDEX(Model_Pricing!$D:$D,MATCH(1,(Model_Pricing!$A:$A=D4)*(Model_Pricing!$B:$B=E4),0)),"") | L4: =IFERROR(INDEX(Model_Pricing!$E:$E,MATCH(1,(Model_Pricing!$A:$A=D4)*(Model_Pricing!$B:$B=E4),0)),"") | M4: =IF(J4="","",H4/1000000*K4) | N4: =IF(J4="","",I4/1000000*L4) | O4: =IF(J4="","",M4+N4)
J5: =IF(OR(H5<>"",I5<>""),N(H5)+N(I5),"") | K5: =IFERROR(INDEX(Model_Pricing!$D:$D,MATCH(1,(Model_Pricing!$A:$A=D5)*(Model_Pricing!$B:$B=E5),0)),"") | L5: =IFERROR(INDEX(Model_Pricing!$E:$E,MATCH(1,(Model_Pricing!$A:$A=D5)*(Model_Pricing!$B:$B=E5),0)),"") | M5: =IF(J5="","",H5/1000000*K5) | N5: =IF(J5="","",I5/1000000*L5) | O5: =IF(J5="","",M5+N5)
J6: =IF(OR(H6<>"",I6<>""),N(H6)+N(I6),"") | K6: =IFERROR(INDEX(Model_Pricing!$D:$D,MATCH(1,(Model_Pricing!$A:$A=D6)*(Model_Pricing!$B:$B=E6),0)),"") | L6: =IFERROR(INDEX(Model_Pricing!$E:$E,MATCH(1,(Model_Pricing!$A:$A=D6)*(Model_Pricing!$B:$B=E6),0)),"") | M6: =IF(J6="","",H6/1000000*K6) | N6: =IF(J6="","",I6/1000000*L6) | O6: =IF(J6="","",M6+N6)
J7: =IF(OR(H7<>"",I7<>""),N(H7)+N(I7),"") | K7: =IFERROR(INDEX(Model_Pricing!$D:$D,MATCH(1,(Model_Pricing!$A:$A=D7)*(Model_Pricing!$B:$B=E7),0)),"") | L7: =IFERROR(INDEX(Model_Pricing!$E:$E,MATCH(1,(Model_Pricing!$A:$A=D7)*(Model_Pricing!$B:$B=E7),0)),"") | M7: =IF(J7="","",H7/1000000*K7) | N7: =IF(J7="","",I7/1000000*L7) | O7: =IF(J7="","",M7+N7)
J8: =IF(OR(H8<>"",I8<>""),N(H8)+N(I8),"") | K8: =IFERROR(INDEX(Model_Pricing!$D:$D,MATCH(1,(Model_Pricing!$A:$A=D8)*(Model_Pricing!$B:$B=E8),0)),"") | L8: =IFERROR(INDEX(Model_Pricing!$E:$E,MATCH(1,(Model_Pricing!$A:$A=D8)*(Model_Pricing!$B:$B=E8),0)),"") | M8: =IF(J8="","",H8/1000000*K8) | N8: =IF(J8="","",I8/1000000*L8) | O8: =IF(J8="","",M8+N8)
J9: =IF(OR(H9<>"",I9<>""),N(H9)+N(I9),"") | K9: =IFERROR(INDEX(Model_Pricing!$D:$D,MATCH(1,(Model_Pricing!$A:$A=D9)*(Model_Pricing!$B:$B=E9),0)),"") | L9: =IFERROR(INDEX(Model_Pricing!$E:$E,MATCH(1,(Model_Pricing!$A:$A=D9)*(Model_Pricing!$B:$B=E9),0)),"") | M9: =IF(J9="","",H9/1000000*K9) | N9: =IF(J9="","",I9/1000000*L9) | O9: =IF(J9="","",M9+N9)
J10: =IF(OR(H10<>"",I10<>""),N(H10)+N(I10),"") | K10: =IFERROR(INDEX(Model_Pricing!$D:$D,MATCH(1,(Model_Pricing!$A:$A=D10)*(Model_Pricing!$B:$B=E10),0)),"") | L10: =IFERROR(INDEX(Model_Pricing!$E:$E,MATCH(1,(Model_Pricing!$A:$A=D10)*(Model_Pricing!$B:$B=E10),0)),"") | M10: =IF(J10="","",H10/1000000*K10) | N10: =IF(J10="","",I10/1000000*L10) | O10: =IF(J10="","",M10+N10)
J11: =IF(OR(H11<>"",I11<>""),N(H11)+N(I11),"") | K11: =IFERROR(INDEX(Model_Pricing!$D:$D,MATCH(1,(Model_Pricing!$A:$A=D11)*(Model_Pricing!$B:$B=E11),0)),"") | L11: =IFERROR(INDEX(Model_Pricing!$E:$E,MATCH(1,(Model_Pricing!$A:$A=D11)*(Model_Pricing!$B:$B=E11),0)),"") | M11: =IF(J11="","",H11/1000000*K11) | N11: =IF(J11="","",I11/1000000*L11) | O11: =IF(J11="","",M11+N11)
J12: =IF(OR(H12<>"",I12<>""),N(H12)+N(I12),"") | K12: =IFERROR(INDEX(Model_Pricing!$D:$D,MATCH(1,(Model_Pricing!$A:$A=D12)*(Model_Pricing!$B:$B=E12),0)),"") | L12: =IFERROR(INDEX(Model_Pricing!$E:$E,MATCH(1,(Model_Pricing!$A:$A=D12)*(Model_Pricing!$B:$B=E12),0)),"") | M12: =IF(J12="","",H12/1000000*K12) | N12: =IF(J12="","",I12/1000000*L12) | O12: =IF(J12="","",M12+N12)
J13: =IF(OR(H13<>"",I13<>""),N(H13)+N(I13),"") | K13: =IFERROR(INDEX(Model_Pricing!$D:$D,MATCH(1,(Model_Pricing!$A:$A=D13)*(Model_Pricing!$B:$B=E13),0)),"") | L13: =IFERROR(INDEX(Model_Pricing!$E:$E,MATCH(1,(Model_Pricing!$A:$A=D13)*(Model_Pricing!$B:$B=E13),0)),"") | M13: =IF(J13="","",H13/1000000*K13) | N13: =IF(J13="","",I13/1000000*L13) | O13: =IF(J13="","",M13+N13)
J14: =IF(OR(H14<>"",I14<>""),N(H14)+N(I14),"") | K14: =IFERROR(INDEX(Model_Pricing!$D:$D,MATCH(1,(Model_Pricing!$A:$A=D14)*(Model_Pricing!$B:$B=E14),0)),"") | L14: =IFERROR(INDEX(Model_Pricing!$E:$E,MATCH(1,(Model_Pricing!$A:$A=D14)*(Model_Pricing!$B:$B=E14),0)),"") | M14: =IF(J14="","",H14/1000000*K14) | N14: =IF(J14="","",I14/1000000*L14) | O14: =IF(J14="","",M14+N14)
J15: =IF(OR(H15<>"",I15<>""),N(H15)+N(I15),"") | K15: =IFERROR(INDEX(Model_Pricing!$D:$D,MATCH(1,(Model_Pricing!$A:$A=D15)*(Model_Pricing!$B:$B=E15),0)),"") | L15: =IFERROR(INDEX(Model_Pricing!$E:$E,MATCH(1,(Model_Pricing!$A:$A=D15)*(Model_Pricing!$B:$B=E15),0)),"") | M15: =IF(J15="","",H15/1000000*K15) | N15: =IF(J15="","",I15/1000000*L15) | O15: =IF(J15="","",M15+N15)
... J203: =IF(OR(H203<>"",I203<>""),N(H203)+N(I203),"") | K203: =IFERROR(INDEX(Model_Pricing!$D:$D,MATCH(1,(Model_Pricing!$A:$A=D203)*(Model_Pricing!$B:$B=E203),0)),"") | L203: =IFERROR(INDEX(Model_Pricing!$E:$E,MATCH(1,(Model_Pricing!$A:$A=D203)*(Model_Pricing!$B:$B=E203),0)),"") | M203: =IF(J203="","",H203/1000000*K203) | N203: =IF(J203="","",I203/1000000*L203) | O203: =IF(J203="","",M203+N203)
A205: Instructions
A206: 1. Enter/replace usage data in rows 2 onward.
A207: 2. Maintain current model pricing in Model_Pricing.
A208: 3. Dashboard uses the month selected in Monthly_Dashboard!B3.
A209: 4. Budget_Tracker compares actual usage against monthly budget.
A210: 5. Costs are calculated in USD based on input/output token pricing.
A211: 6. Example rows 2-3 are provided only to demonstrate the structure.

Sheet Model_Pricing
A1: Provider | B1: Model | C1: Effective From | D1: Input $ / 1M Tokens | E1: Output $ / 1M Tokens | F1: Currency | G1: Notes | H1: Lookup Key
A2: Google | B2: Gemini 2.5 Flash | C2: 21-Aug-2026 | F2: USD | G2: Enter current contract/list pricing | H2: =IF(OR(A2="",B2=""),"",A2&"|"&B2)
A3: Google | B3: Gemini 2.5 Pro | C3: 21-Aug-2026 | F3: USD | G3: Enter current contract/list pricing | H3: =IF(OR(A3="",B3=""),"",A3&"|"&B3)
A4: OpenAI | B4: GPT-5.x | C4: 21-Aug-2026 | F4: USD | G4: Enter current contract/list pricing | H4: =IF(OR(A4="",B4=""),"",A4&"|"&B4)
A5: OpenAI | B5: GPT-5.x Mini | C5: 21-Aug-2026 | F5: USD | G5: Enter current contract/list pricing | H5: =IF(OR(A5="",B5=""),"",A5&"|"&B5)
H6: =IF(OR(A6="",B6=""),"",A6&"|"&B6)
H7: =IF(OR(A7="",B7=""),"",A7&"|"&B7)
H8: =IF(OR(A8="",B8=""),"",A8&"|"&B8)
H9: =IF(OR(A9="",B9=""),"",A9&"|"&B9)
H10: =IF(OR(A10="",B10=""),"",A10&"|"&B10)
H11: =IF(OR(A11="",B11=""),"",A11&"|"&B11)
H12: =IF(OR(A12="",B12=""),"",A12&"|"&B12)
H13: =IF(OR(A13="",B13=""),"",A13&"|"&B13)
H14: =IF(OR(A14="",B14=""),"",A14&"|"&B14)
H15: =IF(OR(A15="",B15=""),"",A15&"|"&B15)
H16: =IF(OR(A16="",B16=""),"",A16&"|"&B16)
H17: =IF(OR(A17="",B17=""),"",A17&"|"&B17)
... H100: =IF(OR(A100="",B100=""),"",A100&"|"&B100)

Sheet Monthly_Dashboard
A1: Gemini & GPT Cost / Token Dashboard
A3: Selected Month | B3: 21-Aug-2026
A5: KPI | B5: Gemini | C5: GPT | D5: Total
A6: Requests | B6: =SUMIFS(Usage_Log!$G:$G,Usage_Log!$D:$D,"Google",Usage_Log!$A:$A,">="&EOMONTH($B$3,-1)+1,Usage_Log!$A:$A,"<"&EOMONTH($B$3,0)+1) | C6: =SUMIFS(Usage_Log!$G:$G,Usage_Log!$D:$D,"OpenAI",Usage_Log!$A:$A,">="&EOMONTH($B$3,-1)+1,Usage_Log!$A:$A,"<"&EOMONTH($B$3,0)+1) | D6: =B6+C6
A7: Input Tokens | B7: =SUMIFS(Usage_Log!$H:$H,Usage_Log!$D:$D,"Google",Usage_Log!$A:$A,">="&EOMONTH($B$3,-1)+1,Usage_Log!$A:$A,"<"&EOMONTH($B$3,0)+1) | C7: =SUMIFS(Usage_Log!$H:$H,Usage_Log!$D:$D,"OpenAI",Usage_Log!$A:$A,">="&EOMONTH($B$3,-1)+1,Usage_Log!$A:$A,"<"&EOMONTH($B$3,0)+1) | D7: =B7+C7
A8: Output Tokens | B8: =SUMIFS(Usage_Log!$I:$I,Usage_Log!$D:$D,"Google",Usage_Log!$A:$A,">="&EOMONTH($B$3,-1)+1,Usage_Log!$A:$A,"<"&EOMONTH($B$3,0)+1) | C8: =SUMIFS(Usage_Log!$I:$I,Usage_Log!$D:$D,"OpenAI",Usage_Log!$A:$A,">="&EOMONTH($B$3,-1)+1,Usage_Log!$A:$A,"<"&EOMONTH($B$3,0)+1) | D8: =B8+C8
A9: Total Tokens | B9: =SUMIFS(Usage_Log!$J:$J,Usage_Log!$D:$D,"Google",Usage_Log!$A:$A,">="&EOMONTH($B$3,-1)+1,Usage_Log!$A:$A,"<"&EOMONTH($B$3,0)+1) | C9: =SUMIFS(Usage_Log!$J:$J,Usage_Log!$D:$D,"OpenAI",Usage_Log!$A:$A,">="&EOMONTH($B$3,-1)+1,Usage_Log!$A:$A,"<"&EOMONTH($B$3,0)+1) | D9: =B9+C9
A10: Input Cost | B10: =SUMIFS(Usage_Log!$M:$M,Usage_Log!$D:$D,"Google",Usage_Log!$A:$A,">="&EOMONTH($B$3,-1)+1,Usage_Log!$A:$A,"<"&EOMONTH($B$3,0)+1) | C10: =SUMIFS(Usage_Log!$M:$M,Usage_Log!$D:$D,"OpenAI",Usage_Log!$A:$A,">="&EOMONTH($B$3,-1)+1,Usage_Log!$A:$A,"<"&EOMONTH($B$3,0)+1) | D10: =B10+C10
A11: Output Cost | B11: =SUMIFS(Usage_Log!$N:$N,Usage_Log!$D:$D,"Google",Usage_Log!$A:$A,">="&EOMONTH($B$3,-1)+1,Usage_Log!$A:$A,"<"&EOMONTH($B$3,0)+1) | C11: =SUMIFS(Usage_Log!$N:$N,Usage_Log!$D:$D,"OpenAI",Usage_Log!$A:$A,">="&EOMONTH($B$3,-1)+1,Usage_Log!$A:$A,"<"&EOMONTH($B$3,0)+1) | D11: =B11+C11
A12: Total Cost | B12: =SUMIFS(Usage_Log!$O:$O,Usage_Log!$D:$D,"Google",Usage_Log!$A:$A,">="&EOMONTH($B$3,-1)+1,Usage_Log!$A:$A,"<"&EOMONTH($B$3,0)+1) | C12: =SUMIFS(Usage_Log!$O:$O,Usage_Log!$D:$D,"OpenAI",Usage_Log!$A:$A,">="&EOMONTH($B$3,-1)+1,Usage_Log!$A:$A,"<"&EOMONTH($B$3,0)+1) | D12: =B12+C12
A13: Avg Cost / Request | B13: =IFERROR(B12/B6,0) | C13: =IFERROR(C12/C6,0) | D13: =B13+C13
A14: Avg Tokens / Request | B14: =IFERROR(B9/B6,0) | C14: =IFERROR(C9/C6,0) | D14: =B14+C14
A17: Cost by Project
A18: Project | B18: Gemini Cost | C18: GPT Cost | D18: Total Cost | E18: % of Total
A19: COV01 | B19: =SUMIFS(Usage_Log!$O:$O,Usage_Log!$B:$B,$A19,Usage_Log!$D:$D,"Google",Usage_Log!$A:$A,">="&EOMONTH($B$3,-1)+1,Usage_Log!$A:$A,"<"&EOMONTH($B$3,0)+1) | C19: =SUMIFS(Usage_Log!$O:$O,Usage_Log!$B:$B,$A19,Usage_Log!$D:$D,"OpenAI",Usage_Log!$A:$A,">="&EOMONTH($B$3,-1)+1,Usage_Log!$A:$A,"<"&EOMONTH($B$3,0)+1) | D19: =B19+C19 | E19: =IFERROR(D19/$D$12,0)
A20: Horizon Scanning | B20: =SUMIFS(Usage_Log!$O:$O,Usage_Log!$B:$B,$A20,Usage_Log!$D:$D,"Google",Usage_Log!$A:$A,">="&EOMONTH($B$3,-1)+1,Usage_Log!$A:$A,"<"&EOMONTH($B$3,0)+1) | C20: =SUMIFS(Usage_Log!$O:$O,Usage_Log!$B:$B,$A20,Usage_Log!$D:$D,"OpenAI",Usage_Log!$A:$A,">="&EOMONTH($B$3,-1)+1,Usage_Log!$A:$A,"<"&EOMONTH($B$3,0)+1) | D20: =B20+C20 | E20: =IFERROR(D20/$D$12,0)
A21: Advisory Optimization | B21: =SUMIFS(Usage_Log!$O:$O,Usage_Log!$B:$B,$A21,Usage_Log!$D:$D,"Google",Usage_Log!$A:$A,">="&EOMONTH($B$3,-1)+1,Usage_Log!$A:$A,"<"&EOMONTH($B$3,0)+1) | C21: =SUMIFS(Usage_Log!$O:$O,Usage_Log!$B:$B,$A21,Usage_Log!$D:$D,"OpenAI",Usage_Log!$A:$A,">="&EOMONTH($B$3,-1)+1,Usage_Log!$A:$A,"<"&EOMONTH($B$3,0)+1) | D21: =B21+C21 | E21: =IFERROR(D21/$D$12,0)
A22: MI Intelligence | B22: =SUMIFS(Usage_Log!$O:$O,Usage_Log!$B:$B,$A22,Usage_Log!$D:$D,"Google",Usage_Log!$A:$A,">="&EOMONTH($B$3,-1)+1,Usage_Log!$A:$A,"<"&EOMONTH($B$3,0)+1) | C22: =SUMIFS(Usage_Log!$O:$O,Usage_Log!$B:$B,$A22,Usage_Log!$D:$D,"OpenAI",Usage_Log!$A:$A,">="&EOMONTH($B$3,-1)+1,Usage_Log!$A:$A,"<"&EOMONTH($B$3,0)+1) | D22: =B22+C22 | E22: =IFERROR(D22/$D$12,0)
A23: Smart Document Search | B23: =SUMIFS(Usage_Log!$O:$O,Usage_Log!$B:$B,$A23,Usage_Log!$D:$D,"Google",Usage_Log!$A:$A,">="&EOMONTH($B$3,-1)+1,Usage_Log!$A:$A,"<"&EOMONTH($B$3,0)+1) | C23: =SUMIFS(Usage_Log!$O:$O,Usage_Log!$B:$B,$A23,Usage_Log!$D:$D,"OpenAI",Usage_Log!$A:$A,">="&EOMONTH($B$3,-1)+1,Usage_Log!$A:$A,"<"&EOMONTH($B$3,0)+1) | D23: =B23+C23 | E23: =IFERROR(D23/$D$12,0)
A24: Other | B24: =SUMIFS(Usage_Log!$O:$O,Usage_Log!$B:$B,$A24,Usage_Log!$D:$D,"Google",Usage_Log!$A:$A,">="&EOMONTH($B$3,-1)+1,Usage_Log!$A:$A,"<"&EOMONTH($B$3,0)+1) | C24: =SUMIFS(Usage_Log!$O:$O,Usage_Log!$B:$B,$A24,Usage_Log!$D:$D,"OpenAI",Usage_Log!$A:$A,">="&EOMONTH($B$3,-1)+1,Usage_Log!$A:$A,"<"&EOMONTH($B$3,0)+1) | D24: =B24+C24 | E24: =IFERROR(D24/$D$12,0)

Sheet Budget_Tracker
A1: Month | B1: Budget USD | C1: Actual USD | D1: Variance USD | E1: Utilisation % | F1: Status | G1: Notes
A2: =DATE(2026,1,1) | B2: 0 | C2: =SUMIFS(Usage_Log!$O:$O,Usage_Log!$A:$A,">="&A2,Usage_Log!$A:$A,"<"&EDATE(A2,1)) | D2: =B2-C2 | E2: =IFERROR(C2/B2,0) | F2: =IF(E2>=1,"RED",IF(E2>=0.8,"AMBER","GREEN"))
A3: =DATE(2026,2,1) | B3: 0 | C3: =SUMIFS(Usage_Log!$O:$O,Usage_Log!$A:$A,">="&A3,Usage_Log!$A:$A,"<"&EDATE(A3,1)) | D3: =B3-C3 | E3: =IFERROR(C3/B3,0) | F3: =IF(E3>=1,"RED",IF(E3>=0.8,"AMBER","GREEN"))
A4: =DATE(2026,3,1) | B4: 0 | C4: =SUMIFS(Usage_Log!$O:$O,Usage_Log!$A:$A,">="&A4,Usage_Log!$A:$A,"<"&EDATE(A4,1)) | D4: =B4-C4 | E4: =IFERROR(C4/B4,0) | F4: =IF(E4>=1,"RED",IF(E4>=0.8,"AMBER","GREEN"))
A5: =DATE(2026,4,1) | B5: 0 | C5: =SUMIFS(Usage_Log!$O:$O,Usage_Log!$A:$A,">="&A5,Usage_Log!$A:$A,"<"&EDATE(A5,1)) | D5: =B5-C5 | E5: =IFERROR(C5/B5,0) | F5: =IF(E5>=1,"RED",IF(E5>=0.8,"AMBER","GREEN"))
A6: =DATE(2026,5,1) | B6: 0 | C6: =SUMIFS(Usage_Log!$O:$O,Usage_Log!$A:$A,">="&A6,Usage_Log!$A:$A,"<"&EDATE(A6,1)) | D6: =B6-C6 | E6: =IFERROR(C6/B6,0) | F6: =IF(E6>=1,"RED",IF(E6>=0.8,"AMBER","GREEN"))
A7: =DATE(2026,6,1) | B7: 0 | C7: =SUMIFS(Usage_Log!$O:$O,Usage_Log!$A:$A,">="&A7,Usage_Log!$A:$A,"<"&EDATE(A7,1)) | D7: =B7-C7 | E7: =IFERROR(C7/B7,0) | F7: =IF(E7>=1,"RED",IF(E7>=0.8,"AMBER","GREEN"))
A8: =DATE(2026,7,1) | B8: 0 | C8: =SUMIFS(Usage_Log!$O:$O,Usage_Log!$A:$A,">="&A8,Usage_Log!$A:$A,"<"&EDATE(A8,1)) | D8: =B8-C8 | E8: =IFERROR(C8/B8,0) | F8: =IF(E8>=1,"RED",IF(E8>=0.8,"AMBER","GREEN"))
A9: =DATE(2026,8,1) | B9: 0 | C9: =SUMIFS(Usage_Log!$O:$O,Usage_Log!$A:$A,">="&A9,Usage_Log!$A:$A,"<"&EDATE(A9,1)) | D9: =B9-C9 | E9: =IFERROR(C9/B9,0) | F9: =IF(E9>=1,"RED",IF(E9>=0.8,"AMBER","GREEN"))
A10: =DATE(2026,9,1) | B10: 0 | C10: =SUMIFS(Usage_Log!$O:$O,Usage_Log!$A:$A,">="&A10,Usage_Log!$A:$A,"<"&EDATE(A10,1)) | D10: =B10-C10 | E10: =IFERROR(C10/B10,0) | F10: =IF(E10>=1,"RED",IF(E10>=0.8,"AMBER","GREEN"))
A11: =DATE(2026,10,1) | B11: 0 | C11: =SUMIFS(Usage_Log!$O:$O,Usage_Log!$A:$A,">="&A11,Usage_Log!$A:$A,"<"&EDATE(A11,1)) | D11: =B11-C11 | E11: =IFERROR(C11/B11,0) | F11: =IF(E11>=1,"RED",IF(E11>=0.8,"AMBER","GREEN"))
A12: =DATE(2026,11,1) | B12: 0 | C12: =SUMIFS(Usage_Log!$O:$O,Usage_Log!$A:$A,">="&A12,Usage_Log!$A:$A,"<"&EDATE(A12,1)) | D12: =B12-C12 | E12: =IFERROR(C12/B12,0) | F12: =IF(E12>=1,"RED",IF(E12>=0.8,"AMBER","GREEN"))
A13: =DATE(2026,12,1) | B13: 0 | C13: =SUMIFS(Usage_Log!$O:$O,Usage_Log!$A:$A,">="&A13,Usage_Log!$A:$A,"<"&EDATE(A13,1)) | D13: =B13-C13 | E13: =IFERROR(C13/B13,0) | F13: =IF(E13>=1,"RED",IF(E13>=0.8,"AMBER","GREEN"))

Sheet Lists
A1: Provider | B1: Environment | C1: Use Case | D1: Currency
A2: Google | B2: POC | C2: Evaluation | D2: USD
A3: OpenAI | B3: Dev | C3: Development | D3: INR
B4: UAT | C4: Production
B5: Prod | C5: Experimentation
